Start,End,Sequence,Length,Color
3[2],3[32],GCTGATTGCCCTTCATCCTGTTTGATGGTGG,31,#888888
1[5],0[5],GTTTTTCTTTTCACAAATTGGGCGCCAGGGTG,32,#f74308
7[50],7[82],TTGTTCCAGTTTGGAACAAGAGTCCACTATTAA,33,#03b6a2
7[106],7[125],GGGCGAAAAACCGTCTATCA,20,#f74308
5[9],5[39],GGCCCTGAGAGAGTTGCAGCAAGCGGTCCAC,31,#1700de
7[83],7[105],AGAACGTGGACTCCAACGTCAAA,23,#f7931e
0[36],1[36],AAGAATAGGTTTGCGTATCCCTTATAAATCAA,32,#f7931e
2[32],2[2],TTCCGAAATCGGCACAGTGAGACGGGCAACA,31,#1700de
4[39],4[9],GCTGGTTTGCCCCAGCAGGCGAAAACCGCCT,31,#f74308
7[30],7[49],GCCCGAGATAGGGTTGAGTG,20,#1700de
